phase,metric,value
stim,alpha_ERD,-0.15373997786841578
stim,FM_theta,-0.02234160802606728
resp,mu_ERD_pre,-0.03226107057625681
resp,beta_ERD_pre,-0.0268033372889781
resp,PMBR,-0.1223481318774348
