{
  "P1_amp": -0.4926265987355733,
  "P1_lat": 0.10666666666666667,
  "N1_amp": -0.5435008705784423,
  "N1_lat": 0.2,
  "P3_amp": -0.22662572727062452,
  "P3_lat": 0.4766666666666667,
  "CNV_CPP_slope": NaN,
  "MRCP_mean": -0.11880881176688296,
  "LRP_amp_m100": 0.06936129229190914,
  "LRP_cross_time": NaN,
  "mu_ERD_resp": -0.03226107057625681,
  "PMBR_resp": -0.1223481318774348,
  "alpha_ERD_stim": -0.15373997786841578,
  "FM_theta_stim": -0.02234160802606728,
  "pre_alpha_mean": 4.980114742167162e-06,
  "FM_theta_planning_mean": 4.0100701872818006e-06,
  "RT_mean": 0.6717948717948717,
  "RT_median": 0.5666666666666667,
  "n_trials": 78
}