{
  "P1_amp": -0.4926265987355733,
  "P1_lat": 0.10666666666666667,
  "N1_amp": -0.5435008705784423,
  "N1_lat": 0.2,
  "P3_amp": -0.22662572727062452,
  "P3_lat": 0.4766666666666667,
  "CNV_CPP_slope": NaN,
  "MRCP_mean": -0.09595985643705196,
  "LRP_amp_m100": 0.0630592113362391,
  "LRP_cross_time": NaN,
  "mu_ERD_resp": -0.03227442705991137,
  "PMBR_resp": -0.12235814040894098,
  "alpha_ERD_stim": -0.14683753560691049,
  "FM_theta_stim": -0.01965976606848644,
  "pre_alpha_mean": 5.017643567134778e-06,
  "FM_theta_planning_mean": 4.0081813453572925e-06,
  "RT_mean": 0.6717948717948717,
  "RT_median": 0.5666666666666667,
  "n_trials": 78
}